Dia,Produçāo Acumulada,N Corridas,Pon,Poff,Pon Extra,Poff Extra
16,783.9161799999999,30.0,862.283333333265,361.03333329760005,22.716666666735023,-76.03333329760004
20,348.3179,14,381.63333333329905,170.21666665060002,31.36666666670095,-37.21666665060002
19,667.6855700000001,26.0,757.733333333273,948.683333226,9.26666666672702,-701.683333226
17,647.87058,27.0,703.849999999947,273.2833332995,92.65000000005296,-16.783333299499986
18,582.82685,23.0,648.8499999999481,372.4666666076,29.65000000005199,-153.9666666076
15,287.41159,11,311.33333333330904,117.91666665529999,13.166666666690958,-13.416666655299991
